Name,Price,Rating
Check each product page for other buying options.,51.,4.8 out of 5 stars
JINGCHENGMEI 19 Inch 6U Heavy Duty Vertical Wall Mountable Rack and 125 lb Wall Mountable Server Rack (MFT-HVWRF6U),79.,4.1 out of 5 stars
"USB-C Slim Gen 2 Hub Adapter 6-in-1 1 USB-C 4K/60Hz Video, 4 USB-C Gen 2 10Gbps, and 1 USB-C Power Delivery 3.0",10.,4.7 out of 5 stars
"Amazon Basics Micro SDXC Memory Card with Full Size Adapter, A2, U3, Read Speed up to 100 MB/s, 128 GB, Black",18.,4.8 out of 5 stars
"SanDisk 128GB Extreme PRO SDXC UHS-I Memory Card - C10, U3, V30, 4K UHD, SD Card - SDSDXXD-128G-GN4IN",59.,4.6 out of 5 stars
"HUANUO Dual Monitor Stand - Full Adjustable Monitor Desk Mount Swivel Vesa Bracket with C Clamp, Grommet Mounting Base for 13 to 32 Inch Computer Screens - Each Arm Holds 4.4 to 19.8lbs",21.,4.8 out of 5 stars
"SanDisk 256GB Extreme microSDXC UHS-I Memory Card with Adapter - Up to 190MB/s, C10, U3, V30, 4K, 5K, A2, Micro SD Card - SDSQXAV-256G-GN6MA",49.,4.6 out of 5 stars
"Solareye Compressed Air Duster-3-Gear Adjustable Electric Air Duster, Rechargeable Cordless Air Blower with Brushless Motor, Powerful Air Duster for Keyboard, PC, Air Bed and Home Cleaning",41.,4.3 out of 5 stars
"2 Pcs of 1U Universal Rack Shelf, 12"" Deep Vented Cantilever Rack Tray for 19"" Networking Cabinet or Rack, Black 2 Pcs (12 inches 2 Pcs)",16.,4.8 out of 5 stars
"SanDisk 128GB microSDXC Card, Licensed for Nintendo Switch - SDSQXAO-128G-GNCZN",8.,4.4 out of 5 stars
"SD Card Reader for iPhone, Memory Card Reader with USB Camera Adapter Plug and Play Trail Game Camera SD Card Viewer Supports SD and TF Card Micro SD Card Adapter for iPad No App Required",9.,4.6 out of 5 stars
"Elebase USB to USB C Adapter 4 Pack,USBC Female to A Male Car Charger,Type C Converter for iPhone 16 Pro Max,15 14 13 12 11 Plus,Apple Watch iWatch 10 9 8,Airpods,iPad Air Mini 6 7,Samsung Galaxy S24",19.,4.7 out of 5 stars
"SanDisk 256GB Ultra microSDXC UHS-I Memory Card with Adapter - Up to 150MB/s, C10, U1, Full HD, A1, MicroSD Card - SDSQUAC-256G-GN6MA [New Version]",42.,4.4 out of 5 stars
"Logitech G733 Lightspeed Wireless Gaming Headset with Suspension Headband, Lightsync RGB, Blue VO!CE mic technology and PRO-G audio drivers - Black",38.,3.9 out of 5 stars
"Snpurdiri 60% Wireless Gaming Keyboard and Mouse Combo,Rainbow Backlit Rechargeable 2000mAh Battery,Mini Mechanical Feel Keyboard +Popular RGB Mice for Gaming,Business Office(Gray-White-Orange)",69.,4.4 out of 5 stars
"USB C Docking Station Dual Monitor Adapter for Dell HP, Laptop Docking Station 3 Monitors Quadruple Display USB C Hub Dongle to 4K HDMI+DP+VGA,3 USB2.0,100W PD, 8 in 1 USB C Dock for Lenovo,Surface",44.,4.6 out of 5 stars
"Logitech C920x HD Pro Webcam, Full HD 1080p/30fps Video Calling, Clear Stereo Audio, HD Light Correction, Works with Skype, Zoom, FaceTime, Hangouts, PC/Mac/Laptop/Macbook/Tablet - Black",9.,4.4 out of 5 stars
"GameSir G7 SE Wired Controller for Xbox Series X|S, Xbox One & Windows 10/11, Plug and Play Gaming Gamepad with Hall Effect Joysticks/Hall Trigger, 3.5mm Audio Jack",9.,4.7 out of 5 stars
"Syntech USB C to USB Adapter Pack of 2 USB C Male to USB 3.0 Female Adapter Compatible with MacBook Pro Air 2024, Microsoft Surface, iPad,Samsung Notebook, Dell XPS and More Type C Devices,Space Grey",,4.6 out of 5 stars
"Logitech G502 HERO High Performance Wired Gaming Mouse, HERO 25K Sensor, 25,600 DPI, RGB, Adjustable Weights, 11 Programmable Buttons, On-Board Memory, PC / Mac",,4.7 out of 5 stars
"Highwings 8K 10K 4K HDMI Cable 48Gbps 6.6FT/2M, Certified Ultra High Speed HDMI Cable Braided Cord-4K@120Hz 8K@60Hz, DTS:X, HDCP 2.2 & 2.3, HDR 10 Compatible with Roku TV/PS5/HDTV/Blu-ray",,
More like this,,
SponsoredJINGCHENGMEI 19 Inch 6U Heavy Duty Vertical Wall Mountable Rack and 125 lb Wall Mountable Server Rack (MFT-HVWRF6U),,
4.84.8 out of 5 stars (6)$51.99$51.99,,
More like this,,
"SponsoredUSB-C Slim Gen 2 Hub Adapter 6-in-1 1 USB-C 4K/60Hz Video, 4 USB-C Gen 2 10Gbps, and 1 USB-C Power Delivery 3.0 Laptops, Desktops",,
"4.14.1 out of 5 stars (434)50+ bought in past month$79.99$79.99Buy any 10, Save 5%",,
Best Seller More like this,,
"Amazon Basics Micro SDXC Memory Card with Full Size Adapter, A2, U3, Read Speed up to 100 MB/s, 128 GB, Black",,
"4.74.7 out of 5 stars (98,503)10K+ bought in past month$10.99$10.99Delivery Tue, Jan 7 Ships to India",,
Best Seller More like this,,
"SanDisk 128GB Extreme PRO SDXC UHS-I Memory Card - C10, U3, V30, 4K UHD, SD Card - SDSDXXD-128G-GN4IN",,
"4.84.8 out of 5 stars (58,074)10K+ bought in past month$18.99$18.99List: $24.99$24.99Delivery Tue, Jan 7 Ships to India",,
Best Seller More like this,,
"HUANUO Dual Monitor Stand - Full Adjustable Monitor Desk Mount Swivel Vesa Bracket with C Clamp, Grommet Mounting Base for 13 to 32 Inch Computer Screens - Each Arm Holds 4.4 to 19.8lbs",,
"4.64.6 out of 5 stars (28,825)10K+ bought in past month$59.99$59.99List: $69.99$69.99$8.00 off coupon appliedSave $8.00  with coupon",,
More like this,,
"SanDisk 256GB Extreme microSDXC UHS-I Memory Card with Adapter - Up to 190MB/s, C10, U3, V30, 4K, 5K, A2, Micro SD Card - SDSQXAV-256G-GN6MA",,
"4.84.8 out of 5 stars (108,170)10K+ bought in past month$21.99$21.99List: $27.99$27.99Delivery Tue, Jan 7 Ships to India",,
More like this,,
"SponsoredSolareye Compressed Air Duster-3-Gear Adjustable Electric Air Duster, Rechargeable Cordless Air Blower with Brushless Motor, Powerful Air Duster for Keyboard, PC, Air Bed and Home Cleaning",,
4.64.6 out of 5 stars (141)800+ bought in past month$49.99$49.99List: $99.99$99.9910% off coupon appliedSave 10%  with coupon,,
More like this,,
"Sponsored2 Pcs of 1U Universal Rack Shelf, 12"" Deep Vented Cantilever Rack Tray for 19"" Networking Cabinet or Rack, Black 2 Pcs (12 inches 2 Pcs)",,
4.34.3 out of 5 stars (17)50+ bought in past month$41.99$41.99,,
Best Seller More like this,,
"SanDisk 128GB microSDXC Card, Licensed for Nintendo Switch - SDSQXAO-128G-GNCZN",,
"4.84.8 out of 5 stars (321,044)10K+ bought in past month$16.99$16.99List: $34.99$34.99$10.42 deliveryShips to India",,
Best Seller More like this,,
"SD Card Reader for iPhone, Memory Card Reader with USB Camera Adapter Plug and Play Trail Game Camera SD Card Viewer Supports SD and TF Card Micro SD Card Adapter for iPad No App Required",,
"4.44.4 out of 5 stars (5,114)10K+ bought in past month$8.49$8.49Typical: $9.99$9.99",,
Best Seller More like this,,
"Elebase USB to USB C Adapter 4 Pack,USBC Female to A Male Car Charger,Type C Converter for iPhone 16 Pro Max,15 14 13 12 11 Plus,Apple Watch iWatch 10 9 8,Airpods,iPad Air Mini 6 7,Samsung Galaxy S24 USB to USB C",,
"4.64.6 out of 5 stars (50,555)10K+ bought in past month$9.99$9.99($2.50$2.50/Count)",,
More like this,,
"SanDisk 256GB Ultra microSDXC UHS-I Memory Card with Adapter - Up to 150MB/s, C10, U1, Full HD, A1, MicroSD Card - SDSQUAC-256G-GN6MA [New Version]",,
"4.74.7 out of 5 stars (181,607)10K+ bought in past month$19.99$19.99List: $25.99$25.99Delivery Tue, Jan 7 Ships to India",,
More like this,,
"Logitech G733 Lightspeed Wireless Gaming Headset with Suspension Headband, Lightsync RGB, Blue VO!CE mic technology and PRO-G audio drivers - Black",,
"4.44.4 out of 5 stars (16,941)10K+ bought in past month",,
No featured offers available$62.71(31 used & new offers),,
More like this,,
"SponsoredSnpurdiri 60% Wireless Gaming Keyboard and Mouse Combo,Rainbow Backlit Rechargeable 2000mAh Battery,Mini Mechanical Feel Keyboard +Popular RGB Mice for Gaming,Business Office(Gray-White-Orange)",,
"3.93.9 out of 5 stars (1,337)50+ bought in past month$42.98$42.98",,
More like this,,
"SponsoredUSB C Docking Station Dual Monitor Adapter for Dell HP, Laptop Docking Station 3 Monitors Quadruple Display USB C Hub Dongle to 4K HDMI+DP+VGA,3 USB2.0,100W PD, 8 in 1 USB C Dock for Lenovo,Surface",,
4.44.4 out of 5 stars (331)2K+ bought in past month$38.99$38.99,,
More like this,,
"Logitech C920x HD Pro Webcam, Full HD 1080p/30fps Video Calling, Clear Stereo Audio, HD Light Correction, Works with Skype, Zoom, FaceTime, Hangouts, PC/Mac/Laptop/Macbook/Tablet - Black 1080p",,
"4.64.6 out of 5 stars (20,015)10K+ bought in past month$69.90$69.90",,
Amazon's Choice More like this,,
"GameSir G7 SE Wired Controller for Xbox Series X|S, Xbox One & Windows 10/11, Plug and Play Gaming Gamepad with Hall Effect Joysticks/Hall Trigger, 3.5mm Audio Jackby GameSir",,
"4.44.4 out of 5 stars (7,745)20K+ bought in past monthXbox One$44.99$44.99",,
More like this,,
"Syntech USB C to USB Adapter Pack of 2 USB C Male to USB 3.0 Female Adapter Compatible with MacBook Pro Air 2024, Microsoft Surface, iPad,Samsung Notebook, Dell XPS and More Type C Devices,Space Grey USB Type C, USB 3.0",,
"4.74.7 out of 5 stars (173,967)10K+ bought in past month$9.99$9.99($5.00$5.00/Count)List: $12.99$12.9915% off coupon appliedSave 15%  with coupon",,
Best Seller More like this,,
"Logitech G502 HERO High Performance Wired Gaming Mouse, HERO 25K Sensor, 25,600 DPI, RGB, Adjustable Weights, 11 Programmable Buttons, On-Board Memory, PC / Mac",,
"4.64.6 out of 5 stars (53,549)10K+ bought in past month",,
No featured offers available$37.23(17 used & new offers),,
Best Seller More like this,,
"Highwings 8K 10K 4K HDMI Cable 48Gbps 6.6FT/2M, Certified Ultra High Speed HDMI Cable Braided Cord-4K@120Hz 8K@60Hz, DTS:X, HDCP 2.2 & 2.3, HDR 10 Compatible with Roku TV/PS5/HDTV/Blu-ray HDMI",,
"4.74.7 out of 5 stars (32,335)10K+ bought in past month$9.99$9.995% off coupon appliedSave 5%  with coupon",,
